{"cameraMode":{"drawMode":0,"name":"Shaded","section":"Shading Mode"},"sceneLighting":false,"audioPlay":false,"sceneViewState":{"m_AlwaysRefresh":false,"showFog":true,"showSkybox":false,"showFlares":true,"showImageEffects":true,"showParticleSystems":true,"showVisualEffectGraphs":true,"m_FxEnabled":true},"in2DMode":false,"pivot":{"x":-0.022141456604003907,"y":2.093906879425049,"z":0.32944321632385256},"rotation":{"x":0.042680028825998309,"y":0.9045260548591614,"z":-0.09326809644699097,"w":0.41390329599380495},"size":5.0124592781066898,"orthographic":false}